user,email path,Message-ID,Date,From,To,Subject,Mime-Version,Content-Type,Content-Transfer-Encoding,X-From,X-To,X-cc,X-bcc,X-Folder,X-Origin,X-FileName,Cc,Bcc
allen-p,../maildir/allen-p/all_documents/100_,<7452188.1075855667684.JavaMail.evans@thyme>,Mon+ 9 Oct 2000 07:16:00 -0700 (PDT),phillip.allen@enron.com,keith.holst@enron.com,Consolidated positions: Issues & To Do list,1.0,text/plain; charset=us-ascii,7bit,Phillip K Allen,Keith Holst,,,\Phillip_Allen_Dec2000\Notes Folders\All documents,Allen-P,pallen.nsf,,
allen-p,../maildir/allen-p/all_documents/101_,<23790115.1075855667708.JavaMail.evans@thyme>,Mon+ 9 Oct 2000 07:00:00 -0700 (PDT),phillip.allen@enron.com,keith.holst@enron.com,Consolidated positions: Issues & To Do list,1.0,text/plain; charset=us-ascii,7bit,Phillip K Allen,Keith Holst,,,\Phillip_Allen_Dec2000\Notes Folders\All documents,Allen-P,pallen.nsf,,
allen-p,../maildir/allen-p/all_documents/102_,<5860470.1075855667730.JavaMail.evans@thyme>,Thu+ 5 Oct 2000 06:26:00 -0700 (PDT),phillip.allen@enron.com,david.delainey@enron.com,,1.0,text/plain; charset=us-ascii,7bit,Phillip K Allen,David W Delainey,,,\Phillip_Allen_Dec2000\Notes Folders\All documents,Allen-P,pallen.nsf,,
allen-p,../maildir/allen-p/all_documents/103_,<14670081.1075855667751.JavaMail.evans@thyme>,Thu+ 5 Oct 2000 05:55:00 -0700 (PDT),phillip.allen@enron.com,paula.harris@enron.com,Re: 2001 Margin Plan,1.0,text/plain; charset=us-ascii,7bit,Phillip K Allen,Paula Harris,,,\Phillip_Allen_Dec2000\Notes Folders\All documents,Allen-P,pallen.nsf,,
allen-p,../maildir/allen-p/all_documents/104_,<2101427.1075855667773.JavaMail.evans@thyme>,Wed+ 4 Oct 2000 09:23:00 -0700 (PDT),phillip.allen@enron.com,ina.rangel@enron.com,Var+ Reporting and Resources Meeting,1.0,text/plain; charset=us-ascii,7bit,Phillip K Allen,Ina Rangel,,,\Phillip_Allen_Dec2000\Notes Folders\All documents,Allen-P,pallen.nsf,,
allen-p,../maildir/allen-p/all_documents/105_,<19431120.1075855667795.JavaMail.evans@thyme>,Tue+ 3 Oct 2000 09:30:00 -0700 (PDT),phillip.allen@enron.com,pallen70@hotmail.com,Westgate,1.0,text/plain; charset=us-ascii,7bit,Phillip K Allen,pallen70@hotmail.com,,,\Phillip_Allen_Dec2000\Notes Folders\All documents,Allen-P,pallen.nsf,,
allen-p,../maildir/allen-p/all_documents/106_,<27111747.1075855667816.JavaMail.evans@thyme>,Tue+ 3 Oct 2000 09:15:00 -0700 (PDT),phillip.allen@enron.com,ina.rangel@enron.com,Meeting re: Storage Strategies in the West,1.0,text/plain; charset=us-ascii,7bit,Phillip K Allen,Ina Rangel,,,\Phillip_Allen_Dec2000\Notes Folders\All documents,Allen-P,pallen.nsf,,
allen-p,../maildir/allen-p/all_documents/107_,<31503589.1075855667838.JavaMail.evans@thyme>,Tue+ 3 Oct 2000 09:13:00 -0700 (PDT),phillip.allen@enron.com,bs_stone@yahoo.com,,1.0,text/plain; charset=us-ascii,7bit,Phillip K Allen,bs_stone@yahoo.com,,,\Phillip_Allen_Dec2000\Notes Folders\All documents,Allen-P,pallen.nsf,,
allen-p,../maildir/allen-p/all_documents/108_,<25449858.1075855667859.JavaMail.evans@thyme>,Tue+ 3 Oct 2000 03:17:00 -0700 (PDT),phillip.allen@enron.com,stouchstone@natsource.com,Re: Not business related..,1.0,text/plain; charset=us-ascii,7bit,Phillip K Allen,Steve Touchstone <STouchstone@natsource.com>,,,\Phillip_Allen_Dec2000\Notes Folders\All documents,Allen-P,pallen.nsf,,
allen-p,../maildir/allen-p/all_documents/109_,<17435182.1075855667880.JavaMail.evans@thyme>,Mon+ 2 Oct 2000 02:19:00 -0700 (PDT),phillip.allen@enron.com,bs_stone@yahoo.com,Re: Original Sept check/closing,1.0,text/plain; charset=us-ascii,7bit,Phillip K Allen,BS Stone <bs_stone@yahoo.com> @ ENRON,,,\Phillip_Allen_Dec2000\Notes Folders\All documents,Allen-P,pallen.nsf,,
allen-p,../maildir/allen-p/all_documents/10_,<21975671.1075855665520.JavaMail.evans@thyme>,Wed+ 13 Dec 2000 08:35:00 -0800 (PST),messenger@ecm.bloomberg.com,,Bloomberg Power Lines Report,1.0,text/plain; charset=ANSI_X3.4-1968,quoted-printable,Bloomberg.com <messenger@ecm.bloomberg.com>,(undisclosed-recipients),,,\Phillip_Allen_Dec2000\Notes Folders\All documents,Allen-P,pallen.nsf,,
allen-p,../maildir/allen-p/all_documents/110_,<2265373.1075855667902.JavaMail.evans@thyme>,Thu+ 28 Sep 2000 06:17:00 -0700 (PDT),phillip.allen@enron.com,lkuch@mh.com,San Juan Index,1.0,text/plain; charset=us-ascii,7bit,Phillip K Allen,Lkuch@mh.com,,,\Phillip_Allen_Dec2000\Notes Folders\All documents,Allen-P,pallen.nsf,,
allen-p,../maildir/allen-p/all_documents/111_,<23408645.1075855667925.JavaMail.evans@thyme>,Thu+ 28 Sep 2000 05:56:00 -0700 (PDT),phillip.allen@enron.com,jeffrey.hodge@enron.com,San Juan Index,1.0,text/plain; charset=us-ascii,7bit,Phillip K Allen,Jeffrey T Hodge,,,\Phillip_Allen_Dec2000\Notes Folders\All documents,Allen-P,pallen.nsf,,
allen-p,../maildir/allen-p/all_documents/112_,<3383073.1075855667949.JavaMail.evans@thyme>,Tue+ 26 Sep 2000 09:28:00 -0700 (PDT),phillip.allen@enron.com,kholst@enron.com,Investment Structure,1.0,text/plain; charset=us-ascii,7bit,Phillip K Allen,kholst@enron.com,,,\Phillip_Allen_Dec2000\Notes Folders\All documents,Allen-P,pallen.nsf,,
allen-p,../maildir/allen-p/all_documents/113_,<18114572.1075855667976.JavaMail.evans@thyme>,Tue+ 26 Sep 2000 09:26:00 -0700 (PDT),phillip.allen@enron.com,pallen70@hotmail.com,Investment Structure,1.0,text/plain; charset=us-ascii,7bit,Phillip K Allen,pallen70@hotmail.com,,,\Phillip_Allen_Dec2000\Notes Folders\All documents,Allen-P,pallen.nsf,,
allen-p,../maildir/allen-p/all_documents/114_,<12266754.1075855668006.JavaMail.evans@thyme>,Tue+ 26 Sep 2000 07:01:00 -0700 (PDT),phillip.allen@enron.com,ina.rangel@enron.com,,1.0,text/plain; charset=us-ascii,7bit,Phillip K Allen,Ina Rangel,,,\Phillip_Allen_Dec2000\Notes Folders\All documents,Allen-P,pallen.nsf,,
allen-p,../maildir/allen-p/all_documents/115_,<8906992.1075855668028.JavaMail.evans@thyme>,Tue+ 26 Sep 2000 05:11:00 -0700 (PDT),phillip.allen@enron.com,cindy.cicchetti@enron.com,Re: Gas Trading Vision meeting,1.0,text/plain; charset=us-ascii,7bit,Phillip K Allen,Cindy Cicchetti,,,\Phillip_Allen_Dec2000\Notes Folders\All documents,Allen-P,pallen.nsf,,
allen-p,../maildir/allen-p/all_documents/116_,<13495037.1075855668050.JavaMail.evans@thyme>,Tue+ 26 Sep 2000 05:08:00 -0700 (PDT),phillip.allen@enron.com,ina.rangel@enron.com,,1.0,text/plain; charset=us-ascii,7bit,Phillip K Allen,Ina Rangel,,,\Phillip_Allen_Dec2000\Notes Folders\All documents,Allen-P,pallen.nsf,,
allen-p,../maildir/allen-p/all_documents/117_,<16687116.1075855668071.JavaMail.evans@thyme>,Tue+ 26 Sep 2000 05:07:00 -0700 (PDT),phillip.allen@enron.com,ina.rangel@enron.com,Gas Physical/Financial Position,1.0,text/plain; charset=us-ascii,7bit,Phillip K Allen,Ina Rangel,,,\Phillip_Allen_Dec2000\Notes Folders\All documents,Allen-P,pallen.nsf,,
allen-p,../maildir/allen-p/all_documents/118_,<12426590.1075855668093.JavaMail.evans@thyme>,Tue+ 26 Sep 2000 04:57:00 -0700 (PDT),phillip.allen@enron.com,jsmith@austintx.com,closing,1.0,text/plain; charset=ANSI_X3.4-1968,7bit,Phillip K Allen,jsmith@austintx.com,,,\Phillip_Allen_Dec2000\Notes Folders\All documents,Allen-P,pallen.nsf,,
allen-p,../maildir/allen-p/all_documents/119_,<10929741.1075855668115.JavaMail.evans@thyme>,Mon+ 25 Sep 2000 07:04:00 -0700 (PDT),phillip.allen@enron.com,christopher.calger@enron.com,,1.0,text/plain; charset=us-ascii,7bit,Phillip K Allen,Christopher F Calger,,,\Phillip_Allen_Dec2000\Notes Folders\All documents,Allen-P,pallen.nsf,,
allen-p,../maildir/allen-p/all_documents/11_,<11483563.1075855665726.JavaMail.evans@thyme>,Wed+ 13 Dec 2000 06:04:00 -0800 (PST),aod@newsdata.com,western.price.survey.contacts@ren-6.cais.net,Special report coming from NewsData,1.0,text/plain; charset=us-ascii,7bit,Arthur O'Donnell <aod@newsdata.com>,Western.Price.Survey.contacts@ren-6.cais.net,'alb@cpuc.ca.gov' <alb@cpuc.ca.gov>,,\Phillip_Allen_Dec2000\Notes Folders\All documents,Allen-P,pallen.nsf,alb@cpuc.ca.gov,alb@cpuc.ca.gov
allen-p,../maildir/allen-p/all_documents/120_,<19196829.1075855668136.JavaMail.evans@thyme>,Mon+ 25 Sep 2000 07:01:00 -0700 (PDT),phillip.allen@enron.com,ina.rangel@enron.com,,1.0,text/plain; charset=us-ascii,7bit,Phillip K Allen,Ina Rangel,,,\Phillip_Allen_Dec2000\Notes Folders\All documents,Allen-P,pallen.nsf,,
allen-p,../maildir/allen-p/all_documents/121_,<15254078.1075855668159.JavaMail.evans@thyme>,Mon+ 25 Sep 2000 07:01:00 -0700 (PDT),phillip.allen@enron.com,ina.rangel@enron.com,,1.0,text/plain; charset=us-ascii,7bit,Phillip K Allen,Ina Rangel,,,\Phillip_Allen_Dec2000\Notes Folders\All documents,Allen-P,pallen.nsf,,
allen-p,../maildir/allen-p/all_documents/122_,<19436726.1075855668180.JavaMail.evans@thyme>,Mon+ 25 Sep 2000 05:47:00 -0700 (PDT),phillip.allen@enron.com,muller@thedoghousemail.com,,1.0,text/plain; charset=us-ascii,7bit,Phillip K Allen,muller@thedoghousemail.com,,,\Phillip_Allen_Dec2000\Notes Folders\All documents,Allen-P,pallen.nsf,,
allen-p,../maildir/allen-p/all_documents/123_,<20662978.1075855668202.JavaMail.evans@thyme>,Fri+ 22 Sep 2000 00:06:00 -0700 (PDT),phillip.allen@enron.com,kathy.moore@enron.com,,1.0,text/plain; charset=us-ascii,7bit,Phillip K Allen,Kathy M Moore,,,\Phillip_Allen_Dec2000\Notes Folders\All documents,Allen-P,pallen.nsf,,
allen-p,../maildir/allen-p/all_documents/124_,<27862517.1075855668223.JavaMail.evans@thyme>,Wed+ 20 Sep 2000 08:06:00 -0700 (PDT),phillip.allen@enron.com,john.lavorato@enron.com,,1.0,text/plain; charset=us-ascii,7bit,Phillip K Allen,John J Lavorato,,,\Phillip_Allen_Dec2000\Notes Folders\All documents,Allen-P,pallen.nsf,,
allen-p,../maildir/allen-p/all_documents/125_,<33241421.1075855668245.JavaMail.evans@thyme>,Wed+ 20 Sep 2000 06:34:00 -0700 (PDT),phillip.allen@enron.com,cbpres@austin.rr.com,,1.0,text/plain; charset=us-ascii,7bit,Phillip K Allen,cbpres@austin.rr.com,,,\Phillip_Allen_Dec2000\Notes Folders\All documents,Allen-P,pallen.nsf,,
allen-p,../maildir/allen-p/all_documents/126_,<7277560.1075855668268.JavaMail.evans@thyme>,Tue+ 19 Sep 2000 09:35:00 -0700 (PDT),phillip.allen@enron.com,pallen70@hotmail.com,Westgate Proforma-Phillip Allen.xls,1.0,text/plain; charset=us-ascii,7bit,Phillip K Allen,pallen70@hotmail.com,,,\Phillip_Allen_Dec2000\Notes Folders\All documents,Allen-P,pallen.nsf,,
allen-p,../maildir/allen-p/all_documents/127_,<8050013.1075855668290.JavaMail.evans@thyme>,Tue+ 19 Sep 2000 07:26:00 -0700 (PDT),phillip.allen@enron.com,cbpres@austin.rr.com,,1.0,text/plain; charset=us-ascii,7bit,Phillip K Allen,cbpres@austin.rr.com>,,,\Phillip_Allen_Dec2000\Notes Folders\All documents,Allen-P,pallen.nsf,,
allen-p,../maildir/allen-p/all_documents/128_,<5106870.1075855668311.JavaMail.evans@thyme>,Tue+ 19 Sep 2000 03:15:00 -0700 (PDT),phillip.allen@enron.com,jsmith@austintx.com,,1.0,text/plain; charset=us-ascii,7bit,Phillip K Allen,jsmith@austintx.com,,,\Phillip_Allen_Dec2000\Notes Folders\All documents,Allen-P,pallen.nsf,,
allen-p,../maildir/allen-p/all_documents/129_,<32496474.1075855668332.JavaMail.evans@thyme>,Mon+ 18 Sep 2000 02:34:00 -0700 (PDT),phillip.allen@enron.com,jsmith@austintx.com,Re: burnet,1.0,text/plain; charset=us-ascii,7bit,Phillip K Allen,Jeff Smith <jsmith@austintx.com> @ ENRON,,,\Phillip_Allen_Dec2000\Notes Folders\All documents,Allen-P,pallen.nsf,,
allen-p,../maildir/allen-p/all_documents/130_,<2760663.1075855668353.JavaMail.evans@thyme>,Wed+ 13 Sep 2000 06:02:00 -0700 (PDT),phillip.allen@enron.com,stagecoachmama@hotmail.com,,1.0,text/plain; charset=us-ascii,7bit,Phillip K Allen,stagecoachmama@hotmail.com,,,\Phillip_Allen_Dec2000\Notes Folders\All documents,Allen-P,pallen.nsf,,
allen-p,../maildir/allen-p/all_documents/131_,<26240402.1075855668375.JavaMail.evans@thyme>,Tue+ 12 Sep 2000 06:42:00 -0700 (PDT),phillip.allen@enron.com,bs_stone@yahoo.com,Re: Sept 1 Payment,1.0,text/plain; charset=us-ascii,7bit,Phillip K Allen,Brenda Stone <bs_stone@yahoo.com> @ ENRON,,,\Phillip_Allen_Dec2000\Notes Folders\All documents,Allen-P,pallen.nsf,,
allen-p,../maildir/allen-p/all_documents/132_,<16538156.1075855668397.JavaMail.evans@thyme>,Tue+ 12 Sep 2000 06:06:00 -0700 (PDT),phillip.allen@enron.com,stagecoachmama@hotmail.com,,1.0,text/plain; charset=us-ascii,7bit,Phillip K Allen,stagecoachmama@hotmail.com,,,\Phillip_Allen_Dec2000\Notes Folders\All documents,Allen-P,pallen.nsf,,
allen-p,../maildir/allen-p/all_documents/133_,<25434593.1075855668418.JavaMail.evans@thyme>,Tue+ 12 Sep 2000 04:23:00 -0700 (PDT),phillip.allen@enron.com,paul.lucci@enron.com+ kenneth.shulklapper@enron.com,Contact list for mid market,1.0,text/plain; charset=us-ascii,7bit,Phillip K Allen,Paul T Lucci+ Kenneth Shulklapper,,,\Phillip_Allen_Dec2000\Notes Folders\All documents,Allen-P,pallen.nsf,,
allen-p,../maildir/allen-p/all_documents/134_,<29299966.1075855668440.JavaMail.evans@thyme>,Tue+ 12 Sep 2000 00:27:00 -0700 (PDT),phillip.allen@enron.com,moshuffle@hotmail.com,,1.0,text/plain; charset=us-ascii,7bit,Phillip K Allen,moshuffle@hotmail.com,,,\Phillip_Allen_Dec2000\Notes Folders\All documents,Allen-P,pallen.nsf,,
allen-p,../maildir/allen-p/all_documents/135_,<33246019.1075855668462.JavaMail.evans@thyme>,Mon+ 11 Sep 2000 09:57:00 -0700 (PDT),phillip.allen@enron.com,keith.holst@enron.com,Westgate Proforma-Phillip Allen.xls,1.0,text/plain; charset=us-ascii,7bit,Phillip K Allen,Keith Holst,,,\Phillip_Allen_Dec2000\Notes Folders\All documents,Allen-P,pallen.nsf,,
allen-p,../maildir/allen-p/all_documents/136_,<17442292.1075855668484.JavaMail.evans@thyme>,Mon+ 11 Sep 2000 09:30:00 -0700 (PDT),phillip.allen@enron.com,jsmith@austintx.com,Re: Chelsea Villas,1.0,text/plain; charset=us-ascii,7bit,Phillip K Allen,Jeff Smith <jsmith@austintx.com> @ ENRON,,,\Phillip_Allen_Dec2000\Notes Folders\All documents,Allen-P,pallen.nsf,,
allen-p,../maildir/allen-p/all_documents/137_,<21095120.1075855668506.JavaMail.evans@thyme>,Mon+ 11 Sep 2000 08:07:00 -0700 (PDT),phillip.allen@enron.com,john.lavorato@enron.com,,1.0,text/plain; charset=us-ascii,7bit,Phillip K Allen,John J Lavorato,,,\Phillip_Allen_Dec2000\Notes Folders\All documents,Allen-P,pallen.nsf,,
allen-p,../maildir/allen-p/all_documents/138_,<9565310.1075855668527.JavaMail.evans@thyme>,Mon+ 11 Sep 2000 07:16:00 -0700 (PDT),phillip.allen@enron.com,frank.hayden@enron.com,Re: VaR by Curve,1.0,text/plain; charset=us-ascii,7bit,Phillip K Allen,Frank Hayden,,,\Phillip_Allen_Dec2000\Notes Folders\All documents,Allen-P,pallen.nsf,,
allen-p,../maildir/allen-p/all_documents/139_,<4890198.1075855668548.JavaMail.evans@thyme>,Mon+ 11 Sep 2000 02:19:00 -0700 (PDT),phillip.allen@enron.com,jsmith@austintx.com,Re: Sagewood etc.,1.0,text/plain; charset=us-ascii,7bit,Phillip K Allen,Jeff Smith <jsmith@austintx.com> @ ENRON,,,\Phillip_Allen_Dec2000\Notes Folders\All documents,Allen-P,pallen.nsf,,
allen-p,../maildir/allen-p/all_documents/140_,<14770138.1075855668570.JavaMail.evans@thyme>,Fri+ 8 Sep 2000 05:30:00 -0700 (PDT),phillip.allen@enron.com,pallen70@hotmail.com,Sagewood Town Homes,1.0,text/plain; charset=us-ascii,7bit,Phillip K Allen,pallen70@hotmail.com,,,\Phillip_Allen_Dec2000\Notes Folders\All documents,Allen-P,pallen.nsf,,
allen-p,../maildir/allen-p/all_documents/141_,<6022333.1075855668593.JavaMail.evans@thyme>,Fri+ 8 Sep 2000 05:29:00 -0700 (PDT),phillip.allen@enron.com,pallen70@hotmail.com,Westgate Proforma-Phillip Allen.xls,1.0,text/plain; charset=us-ascii,7bit,Phillip K Allen,pallen70@hotmail.com,,,\Phillip_Allen_Dec2000\Notes Folders\All documents,Allen-P,pallen.nsf,,
allen-p,../maildir/allen-p/all_documents/142_,<17190956.1075855668615.JavaMail.evans@thyme>,Wed+ 6 Sep 2000 08:54:00 -0700 (PDT),phillip.allen@enron.com,pallen70@hotmail.com,utilities roll,1.0,text/plain; charset=us-ascii,7bit,Phillip K Allen,pallen70@hotmail.com,,,\Phillip_Allen_Dec2000\Notes Folders\All documents,Allen-P,pallen.nsf,,
allen-p,../maildir/allen-p/all_documents/143_,<24747823.1075855668637.JavaMail.evans@thyme>,Wed+ 6 Sep 2000 07:02:00 -0700 (PDT),phillip.allen@enron.com,ina.rangel@enron.com,TIME SENSITIVE: Executive Impact & Influence Program Survey,1.0,text/plain; charset=us-ascii,7bit,Phillip K Allen,Ina Rangel,,,\Phillip_Allen_Dec2000\Notes Folders\All documents,Allen-P,pallen.nsf,,
allen-p,../maildir/allen-p/all_documents/144_,<29478027.1075855668659.JavaMail.evans@thyme>,Wed+ 6 Sep 2000 07:00:00 -0700 (PDT),phillip.allen@enron.com,retwell@sanmarcos.net,,1.0,text/plain; charset=us-ascii,7bit,Phillip K Allen,retwell@sanmarcos.net,,,\Phillip_Allen_Dec2000\Notes Folders\All documents,Allen-P,pallen.nsf,,
allen-p,../maildir/allen-p/all_documents/145_,<6023619.1075855668680.JavaMail.evans@thyme>,Wed+ 6 Sep 2000 06:04:00 -0700 (PDT),phillip.allen@enron.com,ina.rangel@enron.com,,1.0,text/plain; charset=us-ascii,7bit,Phillip K Allen,Ina Rangel,,,\Phillip_Allen_Dec2000\Notes Folders\All documents,Allen-P,pallen.nsf,,
allen-p,../maildir/allen-p/all_documents/146_,<5255578.1075855668706.JavaMail.evans@thyme>,Wed+ 6 Sep 2000 04:46:00 -0700 (PDT),phillip.allen@enron.com,thomas.martin@enron.com+ mike.grigsby@enron.com+ keith.holst@enron.com+ jay.reitmeyer@enron.com, frank.ermis@enron.com,Wow,1.0,text/plain; charset=us-ascii,7bit,Phillip K Allen,Thomas A Martin+ Mike Grigsby+ Keith Holst+ Jay Reitmeyer+ Frank Ermis,,,\Phillip_Allen_Dec2000\Notes Folders\All documents,Allen-P,pallen.nsf,,
allen-p,../maildir/allen-p/all_documents/147_,<15247593.1075855668727.JavaMail.evans@thyme>,Wed+ 6 Sep 2000 03:46:00 -0700 (PDT),phillip.allen@enron.com,ina.rangel@enron.com,Re:,1.0,text/plain; charset=us-ascii,7bit,Phillip K Allen,Ina Rangel,,,\Phillip_Allen_Dec2000\Notes Folders\All documents,Allen-P,pallen.nsf,,
allen-p,../maildir/allen-p/all_documents/148_,<11108465.1075855668749.JavaMail.evans@thyme>,Tue+ 5 Sep 2000 23:22:00 -0700 (PDT),phillip.allen@enron.com,john.lavorato@enron.com,Re:,1.0,text/plain; charset=us-ascii,7bit,Phillip K Allen,John J Lavorato,,,\Phillip_Allen_Dec2000\Notes Folders\All documents,Allen-P,pallen.nsf,,
allen-p,../maildir/allen-p/all_documents/149_,<3119834.1075855668771.JavaMail.evans@thyme>,Tue+ 5 Sep 2000 06:51:00 -0700 (PDT),phillip.allen@enron.com,ina.rangel@enron.com,RE: Receipt of Team Selection Form - Executive Impact & Influence Program,1.0,text/plain; charset=us-ascii,7bit,Phillip K Allen,Ina Rangel,,,\Phillip_Allen_Dec2000\Notes Folders\All documents,Allen-P,pallen.nsf,,
allen-p,../maildir/allen-p/all_documents/14_,<3921217.1075855665790.JavaMail.evans@thyme>,Wed+ 13 Dec 2000 08:04:00 -0800 (PST),critical.notice@enron.com,ywang@enron.com+ patti.sullivan@enron.com+ phillip.k.allen@enron.com+ jane.m.tholt@enron.com, mike.grigsby@enron.com,New Notice from Transwestern Pipeline Co.,1.0,text/plain; charset=us-ascii,7bit,critical.notice@Enron.com,ywang@Enron.com+ Patti.Sullivan@Enron.com+ Phillip.K.Allen@Enron.com+ jane.m.tholt@Enron.com+ Mike.Grigsby@Enron.com,,,\Phillip_Allen_Dec2000\Notes Folders\All documents,Allen-P,pallen.nsf,,
allen-p,../maildir/allen-p/all_documents/150_,<23041196.1075855668792.JavaMail.evans@thyme>,Tue+ 5 Sep 2000 06:30:00 -0700 (PDT),phillip.allen@enron.com,dexter@intelligencepress.com,,1.0,text/plain; charset=us-ascii,7bit,Phillip K Allen,dexter@intelligencepress.com,,,\Phillip_Allen_Dec2000\Notes Folders\All documents,Allen-P,pallen.nsf,,
allen-p,../maildir/allen-p/all_documents/151_,<1693457.1075855668813.JavaMail.evans@thyme>,Fri+ 1 Sep 2000 06:08:00 -0700 (PDT),phillip.allen@enron.com,mike.grigsby@enron.com+ frank.ermis@enron.com,FYI,1.0,text/plain; charset=us-ascii,7bit,Phillip K Allen,Mike Grigsby+ Frank Ermis,,,\Phillip_Allen_Dec2000\Notes Folders\All documents,Allen-P,pallen.nsf,,
allen-p,../maildir/allen-p/all_documents/152_,<7786081.1075855668835.JavaMail.evans@thyme>,Thu+ 31 Aug 2000 07:36:00 -0700 (PDT),phillip.allen@enron.com,rich@pira.com,Re: Western Gas Market Report -- Draft,1.0,text/plain; charset=us-ascii,7bit,Phillip K Allen,Richard Redash <rich@pira.com> @ ENRON,,,\Phillip_Allen_Dec2000\Notes Folders\All documents,Allen-P,pallen.nsf,,
allen-p,../maildir/allen-p/all_documents/153_,<31941463.1075855668856.JavaMail.evans@thyme>,Thu+ 31 Aug 2000 06:54:00 -0700 (PDT),phillip.allen@enron.com,cooper.richey@enron.com,,1.0,text/plain; charset=us-ascii,7bit,Phillip K Allen,Cooper Richey,,,\Phillip_Allen_Dec2000\Notes Folders\All documents,Allen-P,pallen.nsf,,
allen-p,../maildir/allen-p/all_documents/154_,<2818413.1075855668877.JavaMail.evans@thyme>,Thu+ 31 Aug 2000 06:14:00 -0700 (PDT),phillip.allen@enron.com,ina.rangel@enron.com,Receipt of Team Selection Form - Executive Impact & Influence Program,1.0,text/plain; charset=us-ascii,7bit,Phillip K Allen,Ina Rangel,,,\Phillip_Allen_Dec2000\Notes Folders\All documents,Allen-P,pallen.nsf,,
allen-p,../maildir/allen-p/all_documents/155_,<23771114.1075855668899.JavaMail.evans@thyme>,Thu+ 31 Aug 2000 05:02:00 -0700 (PDT),phillip.allen@enron.com,debe@fsddatasvc.com,,1.0,text/plain; charset=us-ascii,7bit,Phillip K Allen,debe@fsddatasvc.com,,,\Phillip_Allen_Dec2000\Notes Folders\All documents,Allen-P,pallen.nsf,,
allen-p,../maildir/allen-p/all_documents/156_,<22047630.1075855668920.JavaMail.evans@thyme>,Thu+ 31 Aug 2000 03:17:00 -0700 (PDT),phillip.allen@enron.com,kolinge@enron.com,,1.0,text/plain; charset=us-ascii,7bit,Phillip K Allen,kolinge@enron.com,,,\Phillip_Allen_Dec2000\Notes Folders\All documents,Allen-P,pallen.nsf,,
allen-p,../maildir/allen-p/all_documents/157_,<12929996.1075855668941.JavaMail.evans@thyme>,Mon+ 31 Dec 1979 16:00:00 -0800 (PST),phillip.allen@enron.com,muller@thedoghousemail.com,Re: (No Subject),1.0,text/plain; charset=us-ascii,7bit,Phillip K Allen,muller@thedoghousemail.com,,,\Phillip_Allen_Dec2000\Notes Folders\All documents,Allen-P,pallen.nsf,,
allen-p,../maildir/allen-p/all_documents/158_,<15943342.1075855668962.JavaMail.evans@thyme>,Wed+ 30 Aug 2000 08:14:00 -0700 (PDT),phillip.allen@enron.com,muller@thedoghousemail.com,Re: (No Subject),1.0,text/plain; charset=us-ascii,7bit,Phillip K Allen,muller@thedoghousemail.com,,,\Phillip_Allen_Dec2000\Notes Folders\All documents,Allen-P,pallen.nsf,,
allen-p,../maildir/allen-p/all_documents/159_,<27610649.1075855668984.JavaMail.evans@thyme>,Wed+ 30 Aug 2000 06:20:00 -0700 (PDT),phillip.allen@enron.com,cindy.long@enron.com,Re: Security Request: CLOG-4NNJEZ has been Denied.,1.0,text/plain; charset=us-ascii,7bit,Phillip K Allen,Cindy Long,,,\Phillip_Allen_Dec2000\Notes Folders\All documents,Allen-P,pallen.nsf,,
allen-p,../maildir/allen-p/all_documents/15_,<2999155.1075855665812.JavaMail.evans@thyme>,Wed+ 13 Dec 2000 08:50:00 -0800 (PST),market-reply@listserv.dowjones.com,market_alert@listserv.dowjones.com,MARKET ALERT: Nasdaq Composite Ends Down 3.7%,1.0,text/plain; charset=us-ascii,7bit,market-reply@LISTSERV.DOWJONES.COM,MARKET_ALERT@LISTSERV.DOWJONES.COM,,,\Phillip_Allen_Dec2000\Notes Folders\All documents,Allen-P,pallen.nsf,,
allen-p,../maildir/allen-p/all_documents/160_,<27941245.1075855669006.JavaMail.evans@thyme>,Tue+ 29 Aug 2000 09:20:00 -0700 (PDT),phillip.allen@enron.com,mark@intelligencepress.com,,1.0,text/plain; charset=us-ascii,7bit,Phillip K Allen,mark@intelligencepress.com,,,\Phillip_Allen_Dec2000\Notes Folders\All documents,Allen-P,pallen.nsf,,
allen-p,../maildir/allen-p/all_documents/161_,<14229093.1075855669027.JavaMail.evans@thyme>,Tue+ 29 Aug 2000 05:38:00 -0700 (PDT),phillip.allen@enron.com,mark@intelligencepress.com,,1.0,text/plain; charset=us-ascii,7bit,Phillip K Allen,Mark@intelligencepress.com,,,\Phillip_Allen_Dec2000\Notes Folders\All documents,Allen-P,pallen.nsf,,
allen-p,../maildir/allen-p/all_documents/162_,<5940590.1075855669049.JavaMail.evans@thyme>,Mon+ 28 Aug 2000 09:30:00 -0700 (PDT),phillip.allen@enron.com,bs_stone@yahoo.com,,1.0,text/plain; charset=us-ascii,7bit,Phillip K Allen,bs_stone@yahoo.com,,,\Phillip_Allen_Dec2000\Notes Folders\All documents,Allen-P,pallen.nsf,,
allen-p,../maildir/allen-p/all_documents/163_,<19070430.1075855669071.JavaMail.evans@thyme>,Mon+ 28 Aug 2000 06:40:00 -0700 (PDT),phillip.allen@enron.com,matthew.lenhart@enron.com+ mike.grigsby@enron.com+ keith.holst@enron.com+ frank.ermis@enron.com, jay.reitmeyer@enron.com,New Generation,1.0,text/plain; charset=us-ascii,7bit,Phillip K Allen,Matthew Lenhart+ Mike Grigsby+ Keith Holst+ Frank Ermis+ Jay Reitmeyer,,,\Phillip_Allen_Dec2000\Notes Folders\All documents,Allen-P,pallen.nsf,,
allen-p,../maildir/allen-p/all_documents/164_,<4789785.1075855669093.JavaMail.evans@thyme>,Mon+ 28 Aug 2000 06:12:00 -0700 (PDT),phillip.allen@enron.com,mark@intelligencepress.com,,1.0,text/plain; charset=us-ascii,7bit,Phillip K Allen,Mark@intelligencepress.com,,,\Phillip_Allen_Dec2000\Notes Folders\All documents,Allen-P,pallen.nsf,,
allen-p,../maildir/allen-p/all_documents/165_,<4845981.1075855669114.JavaMail.evans@thyme>,Mon+ 28 Aug 2000 06:07:00 -0700 (PDT),phillip.allen@enron.com,mark@intelligencepress.com,,1.0,text/plain; charset=us-ascii,7bit,Phillip K Allen,mark@intelligencepress.com,,,\Phillip_Allen_Dec2000\Notes Folders\All documents,Allen-P,pallen.nsf,,
allen-p,../maildir/allen-p/all_documents/166_,<9811472.1075855669136.JavaMail.evans@thyme>,Fri+ 25 Aug 2000 06:32:00 -0700 (PDT),phillip.allen@enron.com,suzanne.nicholie@enron.com,Re: Meeting to discuss 2001 direct expense plan?,1.0,text/plain; charset=us-ascii,7bit,Phillip K Allen,Suzanne Nicholie,,,\Phillip_Allen_Dec2000\Notes Folders\All documents,Allen-P,pallen.nsf,,
allen-p,../maildir/allen-p/all_documents/167_,<14935597.1075855669158.JavaMail.evans@thyme>,Fri+ 25 Aug 2000 04:03:00 -0700 (PDT),phillip.allen@enron.com,colleen.sullivan@enron.com,Re: regulatory filing summary,1.0,text/plain; charset=us-ascii,7bit,Phillip K Allen,Colleen Sullivan,,,\Phillip_Allen_Dec2000\Notes Folders\All documents,Allen-P,pallen.nsf,,
allen-p,../maildir/allen-p/all_documents/168_,<1875467.1075855669180.JavaMail.evans@thyme>,Fri+ 25 Aug 2000 03:30:00 -0700 (PDT),phillip.allen@enron.com,brad.mcsherry@enron.com,,1.0,text/plain; charset=us-ascii,7bit,Phillip K Allen,Brad McSherry,John J Lavorato+ Hunter S Shively,,\Phillip_Allen_Dec2000\Notes Folders\All documents,Allen-P,pallen.nsf,john.lavorato@enron.com+ hunter.shively@enron.com,john.lavorato@enron.com+ hunter.shively@enron.com
allen-p,../maildir/allen-p/all_documents/169_,<13368538.1075855669201.JavaMail.evans@thyme>,Fri+ 25 Aug 2000 01:58:00 -0700 (PDT),phillip.allen@enron.com,bruce.ferrell@enron.com,Re: Evaluation for new trading application,1.0,text/plain; charset=us-ascii,7bit,Phillip K Allen,Bruce Ferrell,,,\Phillip_Allen_Dec2000\Notes Folders\All documents,Allen-P,pallen.nsf,,
allen-p,../maildir/allen-p/all_documents/16_,<8051748.1075855665834.JavaMail.evans@thyme>,Wed+ 13 Dec 2000 08:01:00 -0800 (PST),rebecca.cantrell@enron.com,phillip.allen@enron.com,Re:,1.0,text/plain; charset=us-ascii,7bit,Rebecca W Cantrell,Phillip K Allen,,,\Phillip_Allen_Dec2000\Notes Folders\All documents,Allen-P,pallen.nsf,,
allen-p,../maildir/allen-p/all_documents/170_,<4546588.1075855669223.JavaMail.evans@thyme>,Fri+ 25 Aug 2000 01:47:00 -0700 (PDT),phillip.allen@enron.com,stagecoachmama@hotmail.com,,1.0,text/plain; charset=us-ascii,7bit,Phillip K Allen,stagecoachmama@hotmail.com,,,\Phillip_Allen_Dec2000\Notes Folders\All documents,Allen-P,pallen.nsf,,
allen-p,../maildir/allen-p/all_documents/171_,<11066301.1075855669245.JavaMail.evans@thyme>,Thu+ 24 Aug 2000 02:48:00 -0700 (PDT),phillip.allen@enron.com,stagecoachmama@hotmail.com,Re: receipts,1.0,text/plain; charset=us-ascii,7bit,Phillip K Allen,Lucy Gonzalez <stagecoachmama@hotmail.com> @ ENRON,,,\Phillip_Allen_Dec2000\Notes Folders\All documents,Allen-P,pallen.nsf,,
allen-p,../maildir/allen-p/all_documents/172_,<32667253.1075855669266.JavaMail.evans@thyme>,Wed+ 23 Aug 2000 08:23:00 -0700 (PDT),phillip.allen@enron.com,ina.rangel@enron.com,Re: ENA Fileplan Project - Needs your approval,1.0,text/plain; charset=us-ascii,7bit,Phillip K Allen,Ina Rangel,,,\Phillip_Allen_Dec2000\Notes Folders\All documents,Allen-P,pallen.nsf,,
allen-p,../maildir/allen-p/all_documents/173_,<20906618.1075855669287.JavaMail.evans@thyme>,Wed+ 23 Aug 2000 07:09:00 -0700 (PDT),phillip.allen@enron.com,stagecoachmama@hotmail.com,Re: checkbook and budget,1.0,text/plain; charset=us-ascii,7bit,Phillip K Allen,Lucy Gonzalez <stagecoachmama@hotmail.com> @ ENRON,,,\Phillip_Allen_Dec2000\Notes Folders\All documents,Allen-P,pallen.nsf,,
allen-p,../maildir/allen-p/all_documents/174_,<29076669.1075855669308.JavaMail.evans@thyme>,Wed+ 23 Aug 2000 04:25:00 -0700 (PDT),phillip.allen@enron.com,stagecoachmama@hotmail.com,,1.0,text/plain; charset=us-ascii,7bit,Phillip K Allen,stagecoachmama@hotmail.com,,,\Phillip_Allen_Dec2000\Notes Folders\All documents,Allen-P,pallen.nsf,,
allen-p,../maildir/allen-p/all_documents/175_,<4841855.1075855669329.JavaMail.evans@thyme>,Tue+ 22 Aug 2000 08:22:00 -0700 (PDT),phillip.allen@enron.com,stagecoachmama@hotmail.com,,1.0,text/plain; charset=us-ascii,7bit,Phillip K Allen,stagecoachmama@hotmail.com,,,\Phillip_Allen_Dec2000\Notes Folders\All documents,Allen-P,pallen.nsf,,
allen-p,../maildir/allen-p/all_documents/176_,<7570189.1075855669351.JavaMail.evans@thyme>,Mon+ 21 Aug 2000 09:40:00 -0700 (PDT),phillip.allen@enron.com,mac.d.hargrove@rssmb.com,,1.0,text/plain; charset=us-ascii,7bit,Phillip K Allen,mac.d.hargrove@rssmb.com,,,\Phillip_Allen_Dec2000\Notes Folders\All documents,Allen-P,pallen.nsf,,
allen-p,../maildir/allen-p/all_documents/177_,<27329576.1075855669373.JavaMail.evans@thyme>,Sun+ 20 Aug 2000 10:39:00 -0700 (PDT),phillip.allen@enron.com,pallen70@hotmail.com,Daily Duties,1.0,text/plain; charset=us-ascii,7bit,Phillip K Allen,pallen70@hotmail.com,,,\Phillip_Allen_Dec2000\Notes Folders\All documents,Allen-P,pallen.nsf,,
allen-p,../maildir/allen-p/all_documents/178_,<1570437.1075855669394.JavaMail.evans@thyme>,Sun+ 20 Aug 2000 10:39:00 -0700 (PDT),phillip.allen@enron.com,pallen70@hotmail.com,Daily Report,1.0,text/plain; charset=us-ascii,7bit,Phillip K Allen,pallen70@hotmail.com,,,\Phillip_Allen_Dec2000\Notes Folders\All documents,Allen-P,pallen.nsf,,
allen-p,../maildir/allen-p/all_documents/179_,<20566350.1075855669416.JavaMail.evans@thyme>,Sun+ 20 Aug 2000 10:38:00 -0700 (PDT),phillip.allen@enron.com,pallen70@hotmail.com,Daily Report,1.0,text/plain; charset=us-ascii,7bit,Phillip K Allen,pallen70@hotmail.com,,,\Phillip_Allen_Dec2000\Notes Folders\All documents,Allen-P,pallen.nsf,,
allen-p,../maildir/allen-p/all_documents/17_,<718623.1075855665857.JavaMail.evans@thyme>,Wed+ 13 Dec 2000 08:47:00 -0800 (PST),webmaster@earnings.com,pallen@enron.com,FS Van Kasper Initiates Coverage of NT,1.0,text/plain; charset=ANSI_X3.4-1968,7bit,Earnings.com <webmaster@earnings.com>,pallen@enron.com,,,\Phillip_Allen_Dec2000\Notes Folders\All documents,Allen-P,pallen.nsf,,
allen-p,../maildir/allen-p/all_documents/180_,<14451083.1075855669437.JavaMail.evans@thyme>,Thu+ 17 Aug 2000 08:53:00 -0700 (PDT),phillip.allen@enron.com,mac.d.hargrove@rssmb.com,Re: enron close to 85,1.0,text/plain; charset=us-ascii,7bit,Phillip K Allen,Hargrove+ Mac D <mac.d.hargrove@rssmb.com> @ ENRON,,,\Phillip_Allen_Dec2000\Notes Folders\All documents,Allen-P,pallen.nsf,,
allen-p,../maildir/allen-p/all_documents/181_,<12378792.1075855669458.JavaMail.evans@thyme>,Wed+ 16 Aug 2000 05:35:00 -0700 (PDT),phillip.allen@enron.com,cooper.richey@enron.com,Re:,1.0,text/plain; charset=us-ascii,7bit,Phillip K Allen,Cooper Richey,,,\Phillip_Allen_Dec2000\Notes Folders\All documents,Allen-P,pallen.nsf,,
allen-p,../maildir/allen-p/all_documents/182_,<12893809.1075855669480.JavaMail.evans@thyme>,Wed+ 16 Aug 2000 03:59:00 -0700 (PDT),phillip.allen@enron.com,ina.rangel@enron.com,ENA Management Committee,1.0,text/plain; charset=us-ascii,7bit,Phillip K Allen,Ina Rangel,,,\Phillip_Allen_Dec2000\Notes Folders\All documents,Allen-P,pallen.nsf,,
allen-p,../maildir/allen-p/all_documents/183_,<11736349.1075855669501.JavaMail.evans@thyme>,Wed+ 16 Aug 2000 03:57:00 -0700 (PDT),phillip.allen@enron.com,cooper.richey@enron.com,Re:,1.0,text/plain; charset=us-ascii,7bit,Phillip K Allen,Cooper Richey,,,\Phillip_Allen_Dec2000\Notes Folders\All documents,Allen-P,pallen.nsf,,
allen-p,../maildir/allen-p/all_documents/184_,<19877731.1075855669523.JavaMail.evans@thyme>,Tue+ 15 Aug 2000 05:37:00 -0700 (PDT),phillip.allen@enron.com,cooper.richey@enron.com,,1.0,text/plain; charset=us-ascii,7bit,Phillip K Allen,Cooper Richey,,,\Phillip_Allen_Dec2000\Notes Folders\All documents,Allen-P,pallen.nsf,,
allen-p,../maildir/allen-p/all_documents/185_,<17100868.1075855669544.JavaMail.evans@thyme>,Thu+ 10 Aug 2000 15:02:00 -0700 (PDT),phillip.allen@enron.com,stephanie.sever@enron.com,Re: Your approval is requested,1.0,text/plain; charset=us-ascii,7bit,Phillip K Allen,Stephanie Sever,,,\Phillip_Allen_Dec2000\Notes Folders\All documents,Allen-P,pallen.nsf,,
allen-p,../maildir/allen-p/all_documents/186_,<20585095.1075855669566.JavaMail.evans@thyme>,Thu+ 10 Aug 2000 05:36:00 -0700 (PDT),phillip.allen@enron.com,stephen.harrington@enron.com,tv on 33,1.0,text/plain; charset=us-ascii,7bit,Phillip K Allen,Stephen Harrington,,,\Phillip_Allen_Dec2000\Notes Folders\All documents,Allen-P,pallen.nsf,,
allen-p,../maildir/allen-p/all_documents/187_,<27498956.1075855669587.JavaMail.evans@thyme>,Thu+ 10 Aug 2000 01:52:00 -0700 (PDT),phillip.allen@enron.com,sunil.dalal@enron.com,Re: Ad Hoc VaR model,1.0,text/plain; charset=us-ascii,7bit,Phillip K Allen,Sunil Dalal,,,\Phillip_Allen_Dec2000\Notes Folders\All documents,Allen-P,pallen.nsf,,
allen-p,../maildir/allen-p/all_documents/188_,<29770699.1075855669609.JavaMail.evans@thyme>,Mon+ 31 Dec 1979 16:00:00 -0800 (PST),phillip.allen@enron.com,stephen.harrington@enron.com+ mary@enron.com,,1.0,text/plain; charset=us-ascii,7bit,Phillip K Allen,Stephen Harrington+ Mary,,,\Phillip_Allen_Dec2000\Notes Folders\All documents,Allen-P,pallen.nsf,,
allen-p,../maildir/allen-p/all_documents/189_,<26018267.1075855669630.JavaMail.evans@thyme>,Wed+ 9 Aug 2000 07:12:00 -0700 (PDT),phillip.allen@enron.com,keith.holst@enron.com,TRANSPORTATION MODEL,1.0,text/plain; charset=us-ascii,7bit,Phillip K Allen,Keith Holst,,,\Phillip_Allen_Dec2000\Notes Folders\All documents,Allen-P,pallen.nsf,,
allen-p,../maildir/allen-p/all_documents/18_,<31871172.1075855665878.JavaMail.evans@thyme>,Wed+ 13 Dec 2000 05:40:00 -0800 (PST),paul.kaufman@enron.com,phillip.allen@enron.com,Re:,1.0,text/plain; charset=us-ascii,7bit,Paul Kaufman,Phillip K Allen,,,\Phillip_Allen_Dec2000\Notes Folders\All documents,Allen-P,pallen.nsf,,
allen-p,../maildir/allen-p/all_documents/190_,<7671605.1075855669653.JavaMail.evans@thyme>,Wed+ 9 Aug 2000 07:11:00 -0700 (PDT),phillip.allen@enron.com,colleen.sullivan@enron.com,Re: TRANSPORTATION MODEL,1.0,text/plain; charset=us-ascii,7bit,Phillip K Allen,Colleen Sullivan,,,\Phillip_Allen_Dec2000\Notes Folders\All documents,Allen-P,pallen.nsf,,
allen-p,../maildir/allen-p/all_documents/191_,<20540702.1075855669674.JavaMail.evans@thyme>,Wed+ 9 Aug 2000 06:28:00 -0700 (PDT),phillip.allen@enron.com,stagecoachmama@hotmail.com,,1.0,text/plain; charset=us-ascii,7bit,Phillip K Allen,stagecoachmama@hotmail.com,,,\Phillip_Allen_Dec2000\Notes Folders\All documents,Allen-P,pallen.nsf,,
