user,email path,Message-ID,Date,From,To,Subject,Mime-Version,Content-Type,Content-Transfer-Encoding,X-From,X-To,X-cc,X-bcc,X-Folder,X-Origin,X-FileName,Cc,Bcc
allen-p,allen-p/all_documents/100_,thyme,2000-10-09T07:16:00,phillip.allen@enron.com,keith.holst@enron.com,Consolidated positions: Issues & To Do list,1.0,text/plain; charset=us-ascii,7bit,Phillip K Allen,Keith Holst,,,\Phillip_Allen_Dec2000\Notes Folders\All documents,Allen-P,pallen.nsf,,
allen-p,allen-p/all_documents/101_,thyme,2000-10-09T07:00:00,phillip.allen@enron.com,keith.holst@enron.com,Consolidated positions: Issues & To Do list,1.0,text/plain; charset=us-ascii,7bit,Phillip K Allen,Keith Holst,,,\Phillip_Allen_Dec2000\Notes Folders\All documents,Allen-P,pallen.nsf,,
allen-p,allen-p/all_documents/102_,thyme,2000-10-05T06:26:00,phillip.allen@enron.com,david.delainey@enron.com,,1.0,text/plain; charset=us-ascii,7bit,Phillip K Allen,David W Delainey,,,\Phillip_Allen_Dec2000\Notes Folders\All documents,Allen-P,pallen.nsf,,
allen-p,allen-p/all_documents/103_,thyme,2000-10-05T05:55:00,phillip.allen@enron.com,paula.harris@enron.com,Re: 2001 Margin Plan,1.0,text/plain; charset=us-ascii,7bit,Phillip K Allen,Paula Harris,,,\Phillip_Allen_Dec2000\Notes Folders\All documents,Allen-P,pallen.nsf,,
allen-p,allen-p/all_documents/104_,thyme,2000-10-04T09:23:00,phillip.allen@enron.com,ina.rangel@enron.com,Var+ Reporting and Resources Meeting,1.0,text/plain; charset=us-ascii,7bit,Phillip K Allen,Ina Rangel,,,\Phillip_Allen_Dec2000\Notes Folders\All documents,Allen-P,pallen.nsf,,
allen-p,allen-p/all_documents/105_,thyme,2000-10-03T09:30:00,phillip.allen@enron.com,pallen70@hotmail.com,Westgate,1.0,text/plain; charset=us-ascii,7bit,Phillip K Allen,pallen70@hotmail.com,,,\Phillip_Allen_Dec2000\Notes Folders\All documents,Allen-P,pallen.nsf,,
allen-p,allen-p/all_documents/106_,thyme,2000-10-03T09:15:00,phillip.allen@enron.com,ina.rangel@enron.com,Meeting re: Storage Strategies in the West,1.0,text/plain; charset=us-ascii,7bit,Phillip K Allen,Ina Rangel,,,\Phillip_Allen_Dec2000\Notes Folders\All documents,Allen-P,pallen.nsf,,
allen-p,allen-p/all_documents/107_,thyme,2000-10-03T09:13:00,phillip.allen@enron.com,bs_stone@yahoo.com,,1.0,text/plain; charset=us-ascii,7bit,Phillip K Allen,bs_stone@yahoo.com,,,\Phillip_Allen_Dec2000\Notes Folders\All documents,Allen-P,pallen.nsf,,
allen-p,allen-p/all_documents/108_,thyme,2000-10-03T03:17:00,phillip.allen@enron.com,stouchstone@natsource.com,Re: Not business related..,1.0,text/plain; charset=us-ascii,7bit,Phillip K Allen,Steve Touchstone <STouchstone@natsource.com>,,,\Phillip_Allen_Dec2000\Notes Folders\All documents,Allen-P,pallen.nsf,,
allen-p,allen-p/all_documents/109_,thyme,2000-10-02T02:19:00,phillip.allen@enron.com,bs_stone@yahoo.com,Re: Original Sept check/closing,1.0,text/plain; charset=us-ascii,7bit,Phillip K Allen,BS Stone <bs_stone@yahoo.com> @ ENRON,,,\Phillip_Allen_Dec2000\Notes Folders\All documents,Allen-P,pallen.nsf,,
allen-p,allen-p/all_documents/10_,thyme,2000-12-13T08:35:00,messenger@ecm.bloomberg.com,,Bloomberg Power Lines Report,1.0,text/plain; charset=ANSI_X3.4-1968,quoted-printable,Bloomberg.com <messenger@ecm.bloomberg.com>,(undisclosed-recipients),,,\Phillip_Allen_Dec2000\Notes Folders\All documents,Allen-P,pallen.nsf,,
allen-p,allen-p/all_documents/110_,thyme,2000-09-28T06:17:00,phillip.allen@enron.com,lkuch@mh.com,San Juan Index,1.0,text/plain; charset=us-ascii,7bit,Phillip K Allen,Lkuch@mh.com,,,\Phillip_Allen_Dec2000\Notes Folders\All documents,Allen-P,pallen.nsf,,
allen-p,allen-p/all_documents/111_,thyme,2000-09-28T05:56:00,phillip.allen@enron.com,jeffrey.hodge@enron.com,San Juan Index,1.0,text/plain; charset=us-ascii,7bit,Phillip K Allen,Jeffrey T Hodge,,,\Phillip_Allen_Dec2000\Notes Folders\All documents,Allen-P,pallen.nsf,,
allen-p,allen-p/all_documents/112_,thyme,2000-09-26T09:28:00,phillip.allen@enron.com,kholst@enron.com,Investment Structure,1.0,text/plain; charset=us-ascii,7bit,Phillip K Allen,kholst@enron.com,,,\Phillip_Allen_Dec2000\Notes Folders\All documents,Allen-P,pallen.nsf,,
allen-p,allen-p/all_documents/113_,thyme,2000-09-26T09:26:00,phillip.allen@enron.com,pallen70@hotmail.com,Investment Structure,1.0,text/plain; charset=us-ascii,7bit,Phillip K Allen,pallen70@hotmail.com,,,\Phillip_Allen_Dec2000\Notes Folders\All documents,Allen-P,pallen.nsf,,
allen-p,allen-p/all_documents/114_,thyme,2000-09-26T07:01:00,phillip.allen@enron.com,ina.rangel@enron.com,,1.0,text/plain; charset=us-ascii,7bit,Phillip K Allen,Ina Rangel,,,\Phillip_Allen_Dec2000\Notes Folders\All documents,Allen-P,pallen.nsf,,
allen-p,allen-p/all_documents/115_,thyme,2000-09-26T05:11:00,phillip.allen@enron.com,cindy.cicchetti@enron.com,Re: Gas Trading Vision meeting,1.0,text/plain; charset=us-ascii,7bit,Phillip K Allen,Cindy Cicchetti,,,\Phillip_Allen_Dec2000\Notes Folders\All documents,Allen-P,pallen.nsf,,
allen-p,allen-p/all_documents/116_,thyme,2000-09-26T05:08:00,phillip.allen@enron.com,ina.rangel@enron.com,,1.0,text/plain; charset=us-ascii,7bit,Phillip K Allen,Ina Rangel,,,\Phillip_Allen_Dec2000\Notes Folders\All documents,Allen-P,pallen.nsf,,
allen-p,allen-p/all_documents/117_,thyme,2000-09-26T05:07:00,phillip.allen@enron.com,ina.rangel@enron.com,Gas Physical/Financial Position,1.0,text/plain; charset=us-ascii,7bit,Phillip K Allen,Ina Rangel,,,\Phillip_Allen_Dec2000\Notes Folders\All documents,Allen-P,pallen.nsf,,
allen-p,allen-p/all_documents/118_,thyme,2000-09-26T04:57:00,phillip.allen@enron.com,jsmith@austintx.com,closing,1.0,text/plain; charset=ANSI_X3.4-1968,7bit,Phillip K Allen,jsmith@austintx.com,,,\Phillip_Allen_Dec2000\Notes Folders\All documents,Allen-P,pallen.nsf,,
allen-p,allen-p/all_documents/119_,thyme,2000-09-25T07:04:00,phillip.allen@enron.com,christopher.calger@enron.com,,1.0,text/plain; charset=us-ascii,7bit,Phillip K Allen,Christopher F Calger,,,\Phillip_Allen_Dec2000\Notes Folders\All documents,Allen-P,pallen.nsf,,
allen-p,allen-p/all_documents/11_,thyme,2000-12-13T06:04:00,aod@newsdata.com,western.price.survey.contacts@ren-6.cais.net,Special report coming from NewsData,1.0,text/plain; charset=us-ascii,7bit,Arthur O'Donnell <aod@newsdata.com>,Western.Price.Survey.contacts@ren-6.cais.net,'alb@cpuc.ca.gov' <alb@cpuc.ca.gov>,,\Phillip_Allen_Dec2000\Notes Folders\All documents,Allen-P,pallen.nsf,alb@cpuc.ca.gov,alb@cpuc.ca.gov
allen-p,allen-p/all_documents/120_,thyme,2000-09-25T07:01:00,phillip.allen@enron.com,ina.rangel@enron.com,,1.0,text/plain; charset=us-ascii,7bit,Phillip K Allen,Ina Rangel,,,\Phillip_Allen_Dec2000\Notes Folders\All documents,Allen-P,pallen.nsf,,
allen-p,allen-p/all_documents/121_,thyme,2000-09-25T07:01:00,phillip.allen@enron.com,ina.rangel@enron.com,,1.0,text/plain; charset=us-ascii,7bit,Phillip K Allen,Ina Rangel,,,\Phillip_Allen_Dec2000\Notes Folders\All documents,Allen-P,pallen.nsf,,
allen-p,allen-p/all_documents/122_,thyme,2000-09-25T05:47:00,phillip.allen@enron.com,muller@thedoghousemail.com,,1.0,text/plain; charset=us-ascii,7bit,Phillip K Allen,muller@thedoghousemail.com,,,\Phillip_Allen_Dec2000\Notes Folders\All documents,Allen-P,pallen.nsf,,
allen-p,allen-p/all_documents/123_,thyme,2000-09-22T00:06:00,phillip.allen@enron.com,kathy.moore@enron.com,,1.0,text/plain; charset=us-ascii,7bit,Phillip K Allen,Kathy M Moore,,,\Phillip_Allen_Dec2000\Notes Folders\All documents,Allen-P,pallen.nsf,,
allen-p,allen-p/all_documents/124_,thyme,2000-09-20T08:06:00,phillip.allen@enron.com,john.lavorato@enron.com,,1.0,text/plain; charset=us-ascii,7bit,Phillip K Allen,John J Lavorato,,,\Phillip_Allen_Dec2000\Notes Folders\All documents,Allen-P,pallen.nsf,,
allen-p,allen-p/all_documents/125_,thyme,2000-09-20T06:34:00,phillip.allen@enron.com,cbpres@austin.rr.com,,1.0,text/plain; charset=us-ascii,7bit,Phillip K Allen,cbpres@austin.rr.com,,,\Phillip_Allen_Dec2000\Notes Folders\All documents,Allen-P,pallen.nsf,,
allen-p,allen-p/all_documents/126_,thyme,2000-09-19T09:35:00,phillip.allen@enron.com,pallen70@hotmail.com,Westgate Proforma-Phillip Allen.xls,1.0,text/plain; charset=us-ascii,7bit,Phillip K Allen,pallen70@hotmail.com,,,\Phillip_Allen_Dec2000\Notes Folders\All documents,Allen-P,pallen.nsf,,
allen-p,allen-p/all_documents/127_,thyme,2000-09-19T07:26:00,phillip.allen@enron.com,cbpres@austin.rr.com,,1.0,text/plain; charset=us-ascii,7bit,Phillip K Allen,cbpres@austin.rr.com>,,,\Phillip_Allen_Dec2000\Notes Folders\All documents,Allen-P,pallen.nsf,,
allen-p,allen-p/all_documents/128_,thyme,2000-09-19T03:15:00,phillip.allen@enron.com,jsmith@austintx.com,,1.0,text/plain; charset=us-ascii,7bit,Phillip K Allen,jsmith@austintx.com,,,\Phillip_Allen_Dec2000\Notes Folders\All documents,Allen-P,pallen.nsf,,
allen-p,allen-p/all_documents/129_,thyme,2000-09-18T02:34:00,phillip.allen@enron.com,jsmith@austintx.com,Re: burnet,1.0,text/plain; charset=us-ascii,7bit,Phillip K Allen,Jeff Smith <jsmith@austintx.com> @ ENRON,,,\Phillip_Allen_Dec2000\Notes Folders\All documents,Allen-P,pallen.nsf,,
allen-p,allen-p/all_documents/130_,thyme,2000-09-13T06:02:00,phillip.allen@enron.com,stagecoachmama@hotmail.com,,1.0,text/plain; charset=us-ascii,7bit,Phillip K Allen,stagecoachmama@hotmail.com,,,\Phillip_Allen_Dec2000\Notes Folders\All documents,Allen-P,pallen.nsf,,
allen-p,allen-p/all_documents/131_,thyme,2000-09-12T06:42:00,phillip.allen@enron.com,bs_stone@yahoo.com,Re: Sept 1 Payment,1.0,text/plain; charset=us-ascii,7bit,Phillip K Allen,Brenda Stone <bs_stone@yahoo.com> @ ENRON,,,\Phillip_Allen_Dec2000\Notes Folders\All documents,Allen-P,pallen.nsf,,
allen-p,allen-p/all_documents/132_,thyme,2000-09-12T06:06:00,phillip.allen@enron.com,stagecoachmama@hotmail.com,,1.0,text/plain; charset=us-ascii,7bit,Phillip K Allen,stagecoachmama@hotmail.com,,,\Phillip_Allen_Dec2000\Notes Folders\All documents,Allen-P,pallen.nsf,,
allen-p,allen-p/all_documents/133_,thyme,2000-09-12T04:23:00,phillip.allen@enron.com,paul.lucci@enron.com+ kenneth.shulklapper@enron.com,Contact list for mid market,1.0,text/plain; charset=us-ascii,7bit,Phillip K Allen,Paul T Lucci+ Kenneth Shulklapper,,,\Phillip_Allen_Dec2000\Notes Folders\All documents,Allen-P,pallen.nsf,,
allen-p,allen-p/all_documents/134_,thyme,2000-09-12T00:27:00,phillip.allen@enron.com,moshuffle@hotmail.com,,1.0,text/plain; charset=us-ascii,7bit,Phillip K Allen,moshuffle@hotmail.com,,,\Phillip_Allen_Dec2000\Notes Folders\All documents,Allen-P,pallen.nsf,,
allen-p,allen-p/all_documents/135_,thyme,2000-09-11T09:57:00,phillip.allen@enron.com,keith.holst@enron.com,Westgate Proforma-Phillip Allen.xls,1.0,text/plain; charset=us-ascii,7bit,Phillip K Allen,Keith Holst,,,\Phillip_Allen_Dec2000\Notes Folders\All documents,Allen-P,pallen.nsf,,
allen-p,allen-p/all_documents/136_,thyme,2000-09-11T09:30:00,phillip.allen@enron.com,jsmith@austintx.com,Re: Chelsea Villas,1.0,text/plain; charset=us-ascii,7bit,Phillip K Allen,Jeff Smith <jsmith@austintx.com> @ ENRON,,,\Phillip_Allen_Dec2000\Notes Folders\All documents,Allen-P,pallen.nsf,,
allen-p,allen-p/all_documents/137_,thyme,2000-09-11T08:07:00,phillip.allen@enron.com,john.lavorato@enron.com,,1.0,text/plain; charset=us-ascii,7bit,Phillip K Allen,John J Lavorato,,,\Phillip_Allen_Dec2000\Notes Folders\All documents,Allen-P,pallen.nsf,,
allen-p,allen-p/all_documents/138_,thyme,2000-09-11T07:16:00,phillip.allen@enron.com,frank.hayden@enron.com,Re: VaR by Curve,1.0,text/plain; charset=us-ascii,7bit,Phillip K Allen,Frank Hayden,,,\Phillip_Allen_Dec2000\Notes Folders\All documents,Allen-P,pallen.nsf,,
allen-p,allen-p/all_documents/139_,thyme,2000-09-11T02:19:00,phillip.allen@enron.com,jsmith@austintx.com,Re: Sagewood etc.,1.0,text/plain; charset=us-ascii,7bit,Phillip K Allen,Jeff Smith <jsmith@austintx.com> @ ENRON,,,\Phillip_Allen_Dec2000\Notes Folders\All documents,Allen-P,pallen.nsf,,
allen-p,allen-p/all_documents/140_,thyme,2000-09-08T05:30:00,phillip.allen@enron.com,pallen70@hotmail.com,Sagewood Town Homes,1.0,text/plain; charset=us-ascii,7bit,Phillip K Allen,pallen70@hotmail.com,,,\Phillip_Allen_Dec2000\Notes Folders\All documents,Allen-P,pallen.nsf,,
allen-p,allen-p/all_documents/141_,thyme,2000-09-08T05:29:00,phillip.allen@enron.com,pallen70@hotmail.com,Westgate Proforma-Phillip Allen.xls,1.0,text/plain; charset=us-ascii,7bit,Phillip K Allen,pallen70@hotmail.com,,,\Phillip_Allen_Dec2000\Notes Folders\All documents,Allen-P,pallen.nsf,,
allen-p,allen-p/all_documents/142_,thyme,2000-09-06T08:54:00,phillip.allen@enron.com,pallen70@hotmail.com,utilities roll,1.0,text/plain; charset=us-ascii,7bit,Phillip K Allen,pallen70@hotmail.com,,,\Phillip_Allen_Dec2000\Notes Folders\All documents,Allen-P,pallen.nsf,,
allen-p,allen-p/all_documents/143_,thyme,2000-09-06T07:02:00,phillip.allen@enron.com,ina.rangel@enron.com,TIME SENSITIVE: Executive Impact & Influence Program Survey,1.0,text/plain; charset=us-ascii,7bit,Phillip K Allen,Ina Rangel,,,\Phillip_Allen_Dec2000\Notes Folders\All documents,Allen-P,pallen.nsf,,
allen-p,allen-p/all_documents/144_,thyme,2000-09-06T07:00:00,phillip.allen@enron.com,retwell@sanmarcos.net,,1.0,text/plain; charset=us-ascii,7bit,Phillip K Allen,retwell@sanmarcos.net,,,\Phillip_Allen_Dec2000\Notes Folders\All documents,Allen-P,pallen.nsf,,
allen-p,allen-p/all_documents/145_,thyme,2000-09-06T06:04:00,phillip.allen@enron.com,ina.rangel@enron.com,,1.0,text/plain; charset=us-ascii,7bit,Phillip K Allen,Ina Rangel,,,\Phillip_Allen_Dec2000\Notes Folders\All documents,Allen-P,pallen.nsf,,
allen-p,allen-p/all_documents/146_,thyme,2000-09-06T04:46:00,phillip.allen@enron.com,thomas.martin@enron.com+ mike.grigsby@enron.com+ keith.holst@enron.com+ jay.reitmeyer@enron.com+ frank.ermis@enron.com,Wow,1.0,text/plain; charset=us-ascii,7bit,Phillip K Allen,Thomas A Martin+ Mike Grigsby+ Keith Holst+ Jay Reitmeyer+ Frank Ermis,,,\Phillip_Allen_Dec2000\Notes Folders\All documents,Allen-P,pallen.nsf,,
allen-p,allen-p/all_documents/147_,thyme,2000-09-06T03:46:00,phillip.allen@enron.com,ina.rangel@enron.com,Re:,1.0,text/plain; charset=us-ascii,7bit,Phillip K Allen,Ina Rangel,,,\Phillip_Allen_Dec2000\Notes Folders\All documents,Allen-P,pallen.nsf,,
allen-p,allen-p/all_documents/148_,thyme,2000-09-05T23:22:00,phillip.allen@enron.com,john.lavorato@enron.com,Re:,1.0,text/plain; charset=us-ascii,7bit,Phillip K Allen,John J Lavorato,,,\Phillip_Allen_Dec2000\Notes Folders\All documents,Allen-P,pallen.nsf,,
allen-p,allen-p/all_documents/149_,thyme,2000-09-05T06:51:00,phillip.allen@enron.com,ina.rangel@enron.com,RE: Receipt of Team Selection Form - Executive Impact & Influence Program,1.0,text/plain; charset=us-ascii,7bit,Phillip K Allen,Ina Rangel,,,\Phillip_Allen_Dec2000\Notes Folders\All documents,Allen-P,pallen.nsf,,
allen-p,allen-p/all_documents/14_,thyme,2000-12-13T08:04:00,critical.notice@enron.com,ywang@enron.com+ patti.sullivan@enron.com+ phillip.k.allen@enron.com+ jane.m.tholt@enron.com+ mike.grigsby@enron.com,New Notice from Transwestern Pipeline Co.,1.0,text/plain; charset=us-ascii,7bit,critical.notice@Enron.com,ywang@Enron.com+ Patti.Sullivan@Enron.com+ Phillip.K.Allen@Enron.com+ jane.m.tholt@Enron.com+ Mike.Grigsby@Enron.com,,,\Phillip_Allen_Dec2000\Notes Folders\All documents,Allen-P,pallen.nsf,,
allen-p,allen-p/all_documents/150_,thyme,2000-09-05T06:30:00,phillip.allen@enron.com,dexter@intelligencepress.com,,1.0,text/plain; charset=us-ascii,7bit,Phillip K Allen,dexter@intelligencepress.com,,,\Phillip_Allen_Dec2000\Notes Folders\All documents,Allen-P,pallen.nsf,,
allen-p,allen-p/all_documents/151_,thyme,2000-09-01T06:08:00,phillip.allen@enron.com,mike.grigsby@enron.com+ frank.ermis@enron.com,FYI,1.0,text/plain; charset=us-ascii,7bit,Phillip K Allen,Mike Grigsby+ Frank Ermis,,,\Phillip_Allen_Dec2000\Notes Folders\All documents,Allen-P,pallen.nsf,,
allen-p,allen-p/all_documents/152_,thyme,2000-08-31T07:36:00,phillip.allen@enron.com,rich@pira.com,Re: Western Gas Market Report -- Draft,1.0,text/plain; charset=us-ascii,7bit,Phillip K Allen,Richard Redash <rich@pira.com> @ ENRON,,,\Phillip_Allen_Dec2000\Notes Folders\All documents,Allen-P,pallen.nsf,,
allen-p,allen-p/all_documents/153_,thyme,2000-08-31T06:54:00,phillip.allen@enron.com,cooper.richey@enron.com,,1.0,text/plain; charset=us-ascii,7bit,Phillip K Allen,Cooper Richey,,,\Phillip_Allen_Dec2000\Notes Folders\All documents,Allen-P,pallen.nsf,,
allen-p,allen-p/all_documents/154_,thyme,2000-08-31T06:14:00,phillip.allen@enron.com,ina.rangel@enron.com,Receipt of Team Selection Form - Executive Impact & Influence Program,1.0,text/plain; charset=us-ascii,7bit,Phillip K Allen,Ina Rangel,,,\Phillip_Allen_Dec2000\Notes Folders\All documents,Allen-P,pallen.nsf,,
allen-p,allen-p/all_documents/155_,thyme,2000-08-31T05:02:00,phillip.allen@enron.com,debe@fsddatasvc.com,,1.0,text/plain; charset=us-ascii,7bit,Phillip K Allen,debe@fsddatasvc.com,,,\Phillip_Allen_Dec2000\Notes Folders\All documents,Allen-P,pallen.nsf,,
allen-p,allen-p/all_documents/156_,thyme,2000-08-31T03:17:00,phillip.allen@enron.com,kolinge@enron.com,,1.0,text/plain; charset=us-ascii,7bit,Phillip K Allen,kolinge@enron.com,,,\Phillip_Allen_Dec2000\Notes Folders\All documents,Allen-P,pallen.nsf,,
allen-p,allen-p/all_documents/157_,thyme,1979-12-31T16:00:00,phillip.allen@enron.com,muller@thedoghousemail.com,Re: (No Subject),1.0,text/plain; charset=us-ascii,7bit,Phillip K Allen,muller@thedoghousemail.com,,,\Phillip_Allen_Dec2000\Notes Folders\All documents,Allen-P,pallen.nsf,,
allen-p,allen-p/all_documents/158_,thyme,2000-08-30T08:14:00,phillip.allen@enron.com,muller@thedoghousemail.com,Re: (No Subject),1.0,text/plain; charset=us-ascii,7bit,Phillip K Allen,muller@thedoghousemail.com,,,\Phillip_Allen_Dec2000\Notes Folders\All documents,Allen-P,pallen.nsf,,
allen-p,allen-p/all_documents/159_,thyme,2000-08-30T06:20:00,phillip.allen@enron.com,cindy.long@enron.com,Re: Security Request: CLOG-4NNJEZ has been Denied.,1.0,text/plain; charset=us-ascii,7bit,Phillip K Allen,Cindy Long,,,\Phillip_Allen_Dec2000\Notes Folders\All documents,Allen-P,pallen.nsf,,
allen-p,allen-p/all_documents/15_,thyme,2000-12-13T08:50:00,market-reply@listserv.dowjones.com,market_alert@listserv.dowjones.com,MARKET ALERT: Nasdaq Composite Ends Down 3.7%,1.0,text/plain; charset=us-ascii,7bit,market-reply@LISTSERV.DOWJONES.COM,MARKET_ALERT@LISTSERV.DOWJONES.COM,,,\Phillip_Allen_Dec2000\Notes Folders\All documents,Allen-P,pallen.nsf,,
allen-p,allen-p/all_documents/160_,thyme,2000-08-29T09:20:00,phillip.allen@enron.com,mark@intelligencepress.com,,1.0,text/plain; charset=us-ascii,7bit,Phillip K Allen,mark@intelligencepress.com,,,\Phillip_Allen_Dec2000\Notes Folders\All documents,Allen-P,pallen.nsf,,
allen-p,allen-p/all_documents/161_,thyme,2000-08-29T05:38:00,phillip.allen@enron.com,mark@intelligencepress.com,,1.0,text/plain; charset=us-ascii,7bit,Phillip K Allen,Mark@intelligencepress.com,,,\Phillip_Allen_Dec2000\Notes Folders\All documents,Allen-P,pallen.nsf,,
allen-p,allen-p/all_documents/162_,thyme,2000-08-28T09:30:00,phillip.allen@enron.com,bs_stone@yahoo.com,,1.0,text/plain; charset=us-ascii,7bit,Phillip K Allen,bs_stone@yahoo.com,,,\Phillip_Allen_Dec2000\Notes Folders\All documents,Allen-P,pallen.nsf,,
allen-p,allen-p/all_documents/163_,thyme,2000-08-28T06:40:00,phillip.allen@enron.com,matthew.lenhart@enron.com+ mike.grigsby@enron.com+ keith.holst@enron.com+ frank.ermis@enron.com+ jay.reitmeyer@enron.com,New Generation,1.0,text/plain; charset=us-ascii,7bit,Phillip K Allen,Matthew Lenhart+ Mike Grigsby+ Keith Holst+ Frank Ermis+ Jay Reitmeyer,,,\Phillip_Allen_Dec2000\Notes Folders\All documents,Allen-P,pallen.nsf,,
allen-p,allen-p/all_documents/164_,thyme,2000-08-28T06:12:00,phillip.allen@enron.com,mark@intelligencepress.com,,1.0,text/plain; charset=us-ascii,7bit,Phillip K Allen,Mark@intelligencepress.com,,,\Phillip_Allen_Dec2000\Notes Folders\All documents,Allen-P,pallen.nsf,,
allen-p,allen-p/all_documents/165_,thyme,2000-08-28T06:07:00,phillip.allen@enron.com,mark@intelligencepress.com,,1.0,text/plain; charset=us-ascii,7bit,Phillip K Allen,mark@intelligencepress.com,,,\Phillip_Allen_Dec2000\Notes Folders\All documents,Allen-P,pallen.nsf,,
allen-p,allen-p/all_documents/166_,thyme,2000-08-25T06:32:00,phillip.allen@enron.com,suzanne.nicholie@enron.com,Re: Meeting to discuss 2001 direct expense plan?,1.0,text/plain; charset=us-ascii,7bit,Phillip K Allen,Suzanne Nicholie,,,\Phillip_Allen_Dec2000\Notes Folders\All documents,Allen-P,pallen.nsf,,
allen-p,allen-p/all_documents/167_,thyme,2000-08-25T04:03:00,phillip.allen@enron.com,colleen.sullivan@enron.com,Re: regulatory filing summary,1.0,text/plain; charset=us-ascii,7bit,Phillip K Allen,Colleen Sullivan,,,\Phillip_Allen_Dec2000\Notes Folders\All documents,Allen-P,pallen.nsf,,
allen-p,allen-p/all_documents/168_,thyme,2000-08-25T03:30:00,phillip.allen@enron.com,brad.mcsherry@enron.com,,1.0,text/plain; charset=us-ascii,7bit,Phillip K Allen,Brad McSherry,John J Lavorato+ Hunter S Shively,,\Phillip_Allen_Dec2000\Notes Folders\All documents,Allen-P,pallen.nsf,john.lavorato@enron.com+ hunter.shively@enron.com,john.lavorato@enron.com+ hunter.shively@enron.com
allen-p,allen-p/all_documents/169_,thyme,2000-08-25T01:58:00,phillip.allen@enron.com,bruce.ferrell@enron.com,Re: Evaluation for new trading application,1.0,text/plain; charset=us-ascii,7bit,Phillip K Allen,Bruce Ferrell,,,\Phillip_Allen_Dec2000\Notes Folders\All documents,Allen-P,pallen.nsf,,
allen-p,allen-p/all_documents/16_,thyme,2000-12-13T08:01:00,rebecca.cantrell@enron.com,phillip.allen@enron.com,Re:,1.0,text/plain; charset=us-ascii,7bit,Rebecca W Cantrell,Phillip K Allen,,,\Phillip_Allen_Dec2000\Notes Folders\All documents,Allen-P,pallen.nsf,,
allen-p,allen-p/all_documents/170_,thyme,2000-08-25T01:47:00,phillip.allen@enron.com,stagecoachmama@hotmail.com,,1.0,text/plain; charset=us-ascii,7bit,Phillip K Allen,stagecoachmama@hotmail.com,,,\Phillip_Allen_Dec2000\Notes Folders\All documents,Allen-P,pallen.nsf,,
allen-p,allen-p/all_documents/171_,thyme,2000-08-24T02:48:00,phillip.allen@enron.com,stagecoachmama@hotmail.com,Re: receipts,1.0,text/plain; charset=us-ascii,7bit,Phillip K Allen,Lucy Gonzalez <stagecoachmama@hotmail.com> @ ENRON,,,\Phillip_Allen_Dec2000\Notes Folders\All documents,Allen-P,pallen.nsf,,
allen-p,allen-p/all_documents/172_,thyme,2000-08-23T08:23:00,phillip.allen@enron.com,ina.rangel@enron.com,Re: ENA Fileplan Project - Needs your approval,1.0,text/plain; charset=us-ascii,7bit,Phillip K Allen,Ina Rangel,,,\Phillip_Allen_Dec2000\Notes Folders\All documents,Allen-P,pallen.nsf,,
allen-p,allen-p/all_documents/173_,thyme,2000-08-23T07:09:00,phillip.allen@enron.com,stagecoachmama@hotmail.com,Re: checkbook and budget,1.0,text/plain; charset=us-ascii,7bit,Phillip K Allen,Lucy Gonzalez <stagecoachmama@hotmail.com> @ ENRON,,,\Phillip_Allen_Dec2000\Notes Folders\All documents,Allen-P,pallen.nsf,,
allen-p,allen-p/all_documents/174_,thyme,2000-08-23T04:25:00,phillip.allen@enron.com,stagecoachmama@hotmail.com,,1.0,text/plain; charset=us-ascii,7bit,Phillip K Allen,stagecoachmama@hotmail.com,,,\Phillip_Allen_Dec2000\Notes Folders\All documents,Allen-P,pallen.nsf,,
allen-p,allen-p/all_documents/175_,thyme,2000-08-22T08:22:00,phillip.allen@enron.com,stagecoachmama@hotmail.com,,1.0,text/plain; charset=us-ascii,7bit,Phillip K Allen,stagecoachmama@hotmail.com,,,\Phillip_Allen_Dec2000\Notes Folders\All documents,Allen-P,pallen.nsf,,
allen-p,allen-p/all_documents/176_,thyme,2000-08-21T09:40:00,phillip.allen@enron.com,mac.d.hargrove@rssmb.com,,1.0,text/plain; charset=us-ascii,7bit,Phillip K Allen,mac.d.hargrove@rssmb.com,,,\Phillip_Allen_Dec2000\Notes Folders\All documents,Allen-P,pallen.nsf,,
allen-p,allen-p/all_documents/177_,thyme,2000-08-20T10:39:00,phillip.allen@enron.com,pallen70@hotmail.com,Daily Duties,1.0,text/plain; charset=us-ascii,7bit,Phillip K Allen,pallen70@hotmail.com,,,\Phillip_Allen_Dec2000\Notes Folders\All documents,Allen-P,pallen.nsf,,
allen-p,allen-p/all_documents/178_,thyme,2000-08-20T10:39:00,phillip.allen@enron.com,pallen70@hotmail.com,Daily Report,1.0,text/plain; charset=us-ascii,7bit,Phillip K Allen,pallen70@hotmail.com,,,\Phillip_Allen_Dec2000\Notes Folders\All documents,Allen-P,pallen.nsf,,
allen-p,allen-p/all_documents/179_,thyme,2000-08-20T10:38:00,phillip.allen@enron.com,pallen70@hotmail.com,Daily Report,1.0,text/plain; charset=us-ascii,7bit,Phillip K Allen,pallen70@hotmail.com,,,\Phillip_Allen_Dec2000\Notes Folders\All documents,Allen-P,pallen.nsf,,
allen-p,allen-p/all_documents/17_,thyme,2000-12-13T08:47:00,webmaster@earnings.com,pallen@enron.com,FS Van Kasper Initiates Coverage of NT,1.0,text/plain; charset=ANSI_X3.4-1968,7bit,Earnings.com <webmaster@earnings.com>,pallen@enron.com,,,\Phillip_Allen_Dec2000\Notes Folders\All documents,Allen-P,pallen.nsf,,
allen-p,allen-p/all_documents/180_,thyme,2000-08-17T08:53:00,phillip.allen@enron.com,mac.d.hargrove@rssmb.com,Re: enron close to 85,1.0,text/plain; charset=us-ascii,7bit,Phillip K Allen,Hargrove+ Mac D <mac.d.hargrove@rssmb.com> @ ENRON,,,\Phillip_Allen_Dec2000\Notes Folders\All documents,Allen-P,pallen.nsf,,
allen-p,allen-p/all_documents/181_,thyme,2000-08-16T05:35:00,phillip.allen@enron.com,cooper.richey@enron.com,Re:,1.0,text/plain; charset=us-ascii,7bit,Phillip K Allen,Cooper Richey,,,\Phillip_Allen_Dec2000\Notes Folders\All documents,Allen-P,pallen.nsf,,
allen-p,allen-p/all_documents/182_,thyme,2000-08-16T03:59:00,phillip.allen@enron.com,ina.rangel@enron.com,ENA Management Committee,1.0,text/plain; charset=us-ascii,7bit,Phillip K Allen,Ina Rangel,,,\Phillip_Allen_Dec2000\Notes Folders\All documents,Allen-P,pallen.nsf,,
allen-p,allen-p/all_documents/183_,thyme,2000-08-16T03:57:00,phillip.allen@enron.com,cooper.richey@enron.com,Re:,1.0,text/plain; charset=us-ascii,7bit,Phillip K Allen,Cooper Richey,,,\Phillip_Allen_Dec2000\Notes Folders\All documents,Allen-P,pallen.nsf,,
allen-p,allen-p/all_documents/184_,thyme,2000-08-15T05:37:00,phillip.allen@enron.com,cooper.richey@enron.com,,1.0,text/plain; charset=us-ascii,7bit,Phillip K Allen,Cooper Richey,,,\Phillip_Allen_Dec2000\Notes Folders\All documents,Allen-P,pallen.nsf,,
allen-p,allen-p/all_documents/185_,thyme,2000-08-10T15:02:00,phillip.allen@enron.com,stephanie.sever@enron.com,Re: Your approval is requested,1.0,text/plain; charset=us-ascii,7bit,Phillip K Allen,Stephanie Sever,,,\Phillip_Allen_Dec2000\Notes Folders\All documents,Allen-P,pallen.nsf,,
allen-p,allen-p/all_documents/186_,thyme,2000-08-10T05:36:00,phillip.allen@enron.com,stephen.harrington@enron.com,tv on 33,1.0,text/plain; charset=us-ascii,7bit,Phillip K Allen,Stephen Harrington,,,\Phillip_Allen_Dec2000\Notes Folders\All documents,Allen-P,pallen.nsf,,
allen-p,allen-p/all_documents/187_,thyme,2000-08-10T01:52:00,phillip.allen@enron.com,sunil.dalal@enron.com,Re: Ad Hoc VaR model,1.0,text/plain; charset=us-ascii,7bit,Phillip K Allen,Sunil Dalal,,,\Phillip_Allen_Dec2000\Notes Folders\All documents,Allen-P,pallen.nsf,,
allen-p,allen-p/all_documents/188_,thyme,1979-12-31T16:00:00,phillip.allen@enron.com,stephen.harrington@enron.com+ mary@enron.com,,1.0,text/plain; charset=us-ascii,7bit,Phillip K Allen,Stephen Harrington+ Mary,,,\Phillip_Allen_Dec2000\Notes Folders\All documents,Allen-P,pallen.nsf,,
allen-p,allen-p/all_documents/189_,thyme,2000-08-09T07:12:00,phillip.allen@enron.com,keith.holst@enron.com,TRANSPORTATION MODEL,1.0,text/plain; charset=us-ascii,7bit,Phillip K Allen,Keith Holst,,,\Phillip_Allen_Dec2000\Notes Folders\All documents,Allen-P,pallen.nsf,,
allen-p,allen-p/all_documents/18_,thyme,2000-12-13T05:40:00,paul.kaufman@enron.com,phillip.allen@enron.com,Re:,1.0,text/plain; charset=us-ascii,7bit,Paul Kaufman,Phillip K Allen,,,\Phillip_Allen_Dec2000\Notes Folders\All documents,Allen-P,pallen.nsf,,
allen-p,allen-p/all_documents/190_,thyme,2000-08-09T07:11:00,phillip.allen@enron.com,colleen.sullivan@enron.com,Re: TRANSPORTATION MODEL,1.0,text/plain; charset=us-ascii,7bit,Phillip K Allen,Colleen Sullivan,,,\Phillip_Allen_Dec2000\Notes Folders\All documents,Allen-P,pallen.nsf,,
allen-p,allen-p/all_documents/191_,thyme,2000-08-09T06:28:00,phillip.allen@enron.com,stagecoachmama@hotmail.com,,1.0,text/plain; charset=us-ascii,7bit,Phillip K Allen,stagecoachmama@hotmail.com,,,\Phillip_Allen_Dec2000\Notes Folders\All documents,Allen-P,pallen.nsf,,
allen-p,allen-p/all_documents/192_,thyme,2000-08-08T09:31:00,phillip.allen@enron.com,ina.rangel@enron.com,Your Approval is Overdue: Access Request for paul.t.lucci@enron.com,1.0,text/plain; charset=us-ascii,7bit,Phillip K Allen,Ina Rangel,,,\Phillip_Allen_Dec2000\Notes Folders\All documents,Allen-P,pallen.nsf,,
